Instance,Cost,Route
CTSP_100C9_1,51.27426548487946,"[77, 65, 5, 9, 83, 90, 16, 39, 38, 11, 40, 34, 78, 84, 6, 99, 19, 61, 53, 59, 43, 58, 75, 42, 64, 37, 70, 67, 22, 89, 92, 73, 27, 46, 98, 10, 63, 32, 54, 50, 17, 68, 93, 95, 85, 57, 7, 4, 0, 44, 80, 36, 8, 86, 24, 76, 74, 72, 21, 45, 71, 81, 79, 82, 88, 48, 26, 12, 87, 52, 31, 55, 97, 18, 33, 41, 94, 96, 66, 56, 13, 14, 3, 69, 51, 35, 49, 60, 15, 1, 91, 20, 29, 2, 62, 28, 30, 25, 47, 23, 77]"
CTSP_100C9_10,43.77260725358781,"[4, 26, 80, 95, 64, 52, 45, 41, 86, 20, 82, 53, 81, 29, 15, 58, 47, 96, 14, 0, 69, 68, 7, 9, 51, 98, 77, 30, 18, 38, 17, 1, 88, 99, 66, 74, 42, 37, 12, 13, 79, 24, 85, 19, 44, 56, 27, 92, 91, 93, 87, 89, 31, 83, 10, 33, 78, 76, 59, 16, 39, 71, 48, 23, 94, 28, 97, 22, 50, 36, 65, 35, 55, 72, 2, 5, 62, 6, 25, 40, 60, 34, 32, 46, 90, 61, 21, 84, 43, 3, 70, 57, 11, 75, 8, 67, 63, 49, 54, 73, 4]"
CTSP_100C9_2,52.01807458980054,"[87, 9, 51, 70, 17, 50, 24, 55, 27, 7, 66, 65, 84, 2, 91, 94, 35, 96, 49, 61, 85, 54, 47, 21, 52, 6, 90, 97, 72, 58, 19, 67, 22, 53, 37, 1, 69, 10, 68, 83, 92, 18, 56, 98, 3, 77, 82, 43, 48, 36, 12, 41, 25, 59, 93, 57, 79, 40, 74, 80, 16, 44, 30, 81, 28, 76, 4, 45, 8, 39, 5, 73, 13, 34, 33, 11, 62, 60, 38, 31, 26, 71, 32, 89, 14, 64, 63, 23, 15, 95, 99, 78, 29, 42, 88, 86, 75, 20, 46, 0, 87]"
CTSP_100C9_3,43.661496717922844,"[51, 11, 15, 46, 97, 72, 44, 71, 34, 92, 86, 80, 64, 4, 14, 96, 74, 20, 43, 90, 82, 52, 7, 8, 27, 54, 19, 75, 40, 28, 50, 88, 73, 85, 29, 36, 3, 66, 17, 69, 49, 2, 76, 5, 93, 59, 32, 99, 79, 45, 62, 98, 68, 83, 38, 95, 56, 23, 23, 9, 9, 16, 16, 39, 39, 6, 65, 6, 47, 47, 57, 65, 70, 70, 57, 35, 81, 81, 35, 60, 30, 30, 21, 10, 21, 60, 10, 48, 48, 0, 0, 84, 84, 26, 26, 61, 37, 13, 24, 94, 22, 41, 1, 87, 63, 78, 77, 91, 53, 25, 58, 55, 67, 18, 31, 89, 33, 42, 12, 51]"
CTSP_100C9_4,54.641760412485915,"[98, 41, 89, 90, 25, 88, 2, 65, 1, 54, 24, 49, 23, 40, 31, 27, 66, 71, 97, 84, 20, 79, 61, 8, 73, 28, 72, 83, 16, 47, 18, 55, 92, 19, 4, 39, 44, 35, 85, 13, 91, 46, 12, 5, 58, 96, 77, 93, 94, 17, 32, 43, 22, 26, 99, 10, 37, 74, 68, 30, 29, 59, 6, 36, 42, 86, 7, 75, 9, 76, 69, 82, 60, 64, 70, 87, 48, 62, 0, 50, 33, 63, 95, 51, 80, 56, 21, 14, 15, 34, 57, 38, 45, 3, 11, 78, 81, 67, 53, 52, 98]"
CTSP_100C9_5,49.409739297848304,"[78, 82, 36, 60, 73, 97, 7, 18, 99, 62, 96, 48, 15, 33, 12, 67, 20, 25, 77, 91, 83, 56, 54, 68, 41, 42, 65, 21, 1, 14, 49, 2, 40, 0, 71, 79, 44, 52, 51, 87, 50, 37, 88, 86, 84, 46, 95, 89, 57, 30, 5, 35, 80, 11, 16, 19, 26, 24, 23, 81, 98, 45, 39, 53, 31, 47, 85, 75, 74, 43, 28, 8, 76, 93, 70, 61, 4, 66, 29, 22, 3, 9, 34, 59, 38, 58, 63, 32, 13, 55, 69, 72, 6, 64, 90, 10, 17, 94, 92, 27, 78]"
CTSP_100C9_6,46.427031709468736,"[25, 9, 3, 54, 73, 57, 10, 61, 63, 16, 46, 13, 87, 1, 39, 68, 60, 92, 45, 7, 84, 23, 85, 47, 40, 15, 32, 38, 2, 82, 91, 80, 5, 59, 17, 20, 27, 77, 89, 95, 52, 69, 65, 53, 37, 43, 99, 22, 0, 34, 81, 4, 31, 14, 36, 72, 79, 8, 29, 19, 48, 11, 66, 90, 76, 62, 93, 42, 97, 51, 83, 21, 44, 98, 55, 24, 35, 86, 67, 33, 50, 88, 75, 71, 56, 28, 41, 64, 74, 18, 26, 70, 12, 6, 96, 30, 58, 49, 78, 94, 25]"
CTSP_100C9_7,47.3064548178176,"[31, 46, 7, 76, 29, 8, 20, 42, 2, 41, 77, 19, 83, 66, 50, 95, 57, 27, 34, 12, 4, 39, 49, 16, 94, 67, 74, 93, 26, 11, 71, 80, 6, 84, 56, 92, 35, 98, 37, 0, 53, 32, 65, 21, 96, 52, 78, 60, 5, 88, 55, 1, 17, 82, 22, 86, 68, 91, 18, 59, 87, 51, 69, 15, 99, 28, 70, 40, 47, 3, 61, 36, 38, 63, 81, 64, 33, 79, 89, 62, 58, 13, 30, 25, 72, 10, 23, 97, 9, 90, 44, 54, 14, 24, 85, 48, 43, 45, 73, 75, 31]"
CTSP_100C9_8,42.80242653022664,"[92, 35, 44, 52, 91, 66, 55, 50, 78, 88, 43, 79, 65, 81, 8, 3, 49, 85, 31, 30, 76, 54, 75, 2, 61, 17, 42, 16, 67, 97, 87, 96, 33, 71, 26, 36, 63, 21, 27, 22, 83, 40, 32, 64, 20, 60, 93, 46, 80, 73, 14, 51, 28, 95, 82, 7, 34, 47, 15, 58, 37, 90, 12, 25, 62, 53, 10, 62, 72, 11, 18, 53, 12, 10, 25, 18, 72, 11, 89, 89, 70, 29, 0, 69, 69, 6, 99, 99, 59, 59, 70, 29, 5, 4, 19, 19, 0, 77, 77, 23, 23, 5, 4, 6, 39, 45, 24, 68, 74, 98, 94, 86, 56, 9, 38, 57, 41, 13, 1, 48, 84, 92]"
CTSP_100C9_9,54.0960857571653,"[31, 58, 3, 89, 1, 79, 84, 78, 18, 93, 35, 96, 86, 25, 66, 57, 82, 76, 56, 64, 69, 0, 20, 54, 10, 52, 19, 12, 70, 30, 50, 2, 45, 24, 91, 59, 39, 92, 85, 6, 14, 26, 49, 16, 67, 32, 71, 88, 63, 73, 9, 11, 95, 22, 7, 62, 68, 60, 99, 47, 87, 5, 36, 81, 38, 44, 42, 94, 4, 83, 28, 23, 90, 98, 8, 48, 74, 77, 17, 80, 41, 65, 40, 15, 51, 33, 53, 55, 61, 72, 75, 13, 29, 21, 43, 97, 27, 46, 37, 34, 31]"
CTSP_10C2_1,4.807509424805313,"[5, 1, 0, 2, 3, 6, 4, 8, 7, 9, 5]"
CTSP_10C2_10,4.142810024039199,"[9, 1, 2, 7, 3, 0, 8, 6, 5, 4, 9]"
CTSP_10C2_2,4.271365281495495,"[7, 0, 9, 2, 1, 4, 6, 8, 5, 3, 7]"
CTSP_10C2_3,4.164872370857867,"[8, 9, 1, 0, 5, 7, 4, 3, 6, 2, 8]"
CTSP_10C2_4,4.190219694211736,"[9, 5, 3, 2, 7, 8, 4, 6, 0, 1, 9]"
CTSP_10C2_5,5.769616531595955,"[6, 8, 0, 4, 3, 5, 7, 1, 2, 9, 6]"
CTSP_10C2_6,5.146323883369854,"[3, 0, 5, 7, 2, 9, 6, 8, 4, 1, 3]"
CTSP_10C2_7,5.385192155321388,"[1, 5, 3, 0, 8, 2, 4, 6, 9, 7, 1]"
CTSP_10C2_8,4.267559581384057,"[6, 4, 9, 0, 8, 2, 7, 1, 3, 5, 6]"
CTSP_10C2_9,4.323056956819921,"[8, 5, 9, 3, 2, 6, 4, 0, 7, 1, 8]"
CTSP_200C15_1,123.72336443719719,"[145, 24, 5, 178, 19, 143, 144, 93, 110, 111, 189, 156, 37, 0, 146, 85, 20, 155, 41, 141, 114, 75, 199, 194, 22, 48, 151, 29, 139, 149, 116, 133, 115, 89, 106, 92, 160, 76, 166, 60, 123, 81, 153, 44, 197, 69, 159, 161, 88, 98, 57, 94, 2, 25, 28, 163, 129, 198, 100, 174, 99, 172, 192, 79, 169, 138, 122, 170, 40, 15, 12, 184, 46, 67, 168, 59, 95, 54, 83, 43, 125, 18, 31, 73, 97, 52, 91, 10, 134, 35, 108, 39, 26, 51, 86, 128, 165, 6, 4, 185, 38, 14, 13, 34, 195, 152, 177, 16, 3, 50, 180, 188, 124, 84, 87, 107, 119, 33, 104, 187, 45, 9, 42, 7, 96, 8, 154, 112, 21, 72, 55, 58, 80, 179, 148, 164, 182, 117, 135, 61, 56, 101, 53, 113, 173, 17, 157, 68, 131, 136, 196, 47, 158, 74, 150, 32, 11, 63, 118, 62, 82, 140, 27, 127, 183, 78, 186, 103, 30, 181, 102, 64, 49, 71, 132, 167, 191, 90, 137, 70, 175, 126, 130, 36, 105, 176, 147, 23, 65, 77, 1, 162, 109, 190, 66, 171, 121, 193, 120, 142, 145]"
CTSP_200C15_10,123.36598874300759,"[73, 38, 124, 88, 2, 100, 37, 157, 153, 67, 128, 22, 55, 65, 12, 165, 16, 197, 80, 15, 58, 151, 17, 60, 53, 166, 141, 133, 110, 120, 164, 68, 54, 0, 26, 76, 127, 172, 48, 43, 142, 125, 6, 9, 63, 170, 75, 187, 134, 182, 64, 11, 108, 23, 35, 196, 114, 84, 32, 189, 176, 46, 90, 98, 140, 147, 185, 74, 89, 117, 191, 152, 103, 93, 50, 36, 188, 47, 87, 85, 107, 154, 190, 86, 97, 177, 192, 163, 10, 94, 139, 96, 181, 79, 51, 148, 173, 138, 8, 199, 42, 121, 33, 159, 113, 116, 179, 126, 136, 106, 4, 167, 111, 175, 14, 193, 3, 112, 146, 57, 144, 123, 95, 21, 104, 24, 27, 99, 195, 174, 105, 30, 91, 44, 143, 7, 41, 5, 180, 70, 69, 1, 59, 52, 129, 158, 71, 194, 81, 131, 168, 40, 102, 56, 160, 118, 156, 115, 83, 29, 149, 161, 101, 186, 119, 49, 162, 150, 130, 155, 61, 82, 184, 19, 31, 135, 77, 132, 78, 20, 45, 39, 137, 18, 62, 92, 198, 183, 169, 72, 145, 66, 13, 25, 122, 28, 178, 171, 109, 34, 73]"
CTSP_200C15_2,106.18686455655231,"[24, 75, 180, 176, 85, 152, 46, 171, 9, 20, 28, 39, 129, 37, 135, 96, 125, 70, 100, 42, 81, 162, 0, 199, 118, 41, 117, 144, 146, 156, 131, 94, 101, 194, 83, 192, 154, 148, 128, 113, 153, 185, 34, 175, 73, 98, 71, 182, 164, 57, 123, 93, 108, 61, 141, 124, 112, 143, 49, 12, 51, 166, 40, 184, 104, 114, 181, 74, 183, 36, 187, 97, 45, 136, 89, 72, 38, 2, 77, 179, 62, 111, 191, 106, 79, 1, 142, 18, 174, 174, 35, 25, 186, 4, 111, 87, 150, 138, 191, 106, 78, 35, 25, 186, 4, 189, 1, 78, 138, 142, 103, 53, 87, 150, 18, 103, 53, 79, 189, 66, 19, 60, 23, 48, 12, 51, 166, 40, 184, 104, 114, 181, 74, 183, 36, 187, 97, 45, 136, 89, 72, 38, 2, 77, 179, 62, 139, 188, 170, 119, 32, 15, 126, 5, 122, 17, 116, 47, 107, 177, 6, 130, 91, 14, 95, 33, 193, 127, 137, 102, 158, 7, 149, 132, 198, 84, 24, 75, 180, 176, 85, 152, 46, 171, 9, 20, 28, 39, 139, 188, 170, 119, 32, 15, 126, 5, 122, 17, 116, 47, 107, 177, 196, 64, 134, 167, 145, 68, 115, 160, 165, 110, 44, 13, 54, 30, 43, 121, 155, 120, 6, 130, 91, 14, 95, 33, 193, 127, 137, 158, 7, 102, 149, 132, 198, 84, 59, 76, 52, 63, 8, 58, 105, 195, 65, 11, 8, 58, 76, 195, 21, 22, 59, 52, 65, 197, 105, 197, 21, 63, 11, 22, 82, 67, 50, 173, 27, 69, 147, 151, 92, 31, 133, 56, 109, 157, 16, 86, 26, 10, 190, 99, 163, 169, 178, 159, 29, 140, 90, 172, 80, 55, 161, 3, 88, 168, 24]"
CTSP_200C15_3,116.87808663639136,"[80, 135, 128, 16, 144, 69, 8, 104, 22, 61, 161, 138, 95, 98, 76, 153, 99, 108, 27, 169, 71, 165, 2, 179, 39, 46, 183, 57, 129, 193, 157, 83, 55, 124, 143, 78, 68, 160, 123, 59, 111, 147, 70, 62, 60, 64, 156, 52, 90, 172, 3, 163, 88, 74, 134, 86, 66, 189, 182, 125, 53, 116, 151, 141, 184, 26, 1, 51, 154, 25, 11, 142, 149, 6, 5, 102, 89, 120, 28, 36, 148, 15, 12, 97, 167, 195, 37, 43, 23, 112, 137, 106, 44, 24, 54, 146, 48, 56, 77, 177, 140, 168, 82, 152, 72, 178, 139, 196, 9, 117, 35, 171, 73, 7, 34, 96, 186, 176, 42, 197, 126, 130, 67, 188, 121, 174, 18, 170, 150, 87, 173, 94, 65, 155, 85, 118, 79, 180, 175, 50, 58, 136, 101, 159, 113, 107, 114, 181, 103, 119, 40, 132, 194, 32, 158, 198, 10, 91, 185, 41, 75, 191, 100, 29, 47, 199, 162, 17, 14, 187, 63, 110, 109, 45, 33, 192, 13, 164, 4, 105, 122, 81, 31, 133, 93, 127, 190, 92, 166, 145, 21, 115, 20, 131, 19, 84, 38, 0, 30, 49, 80]"
CTSP_200C15_4,110.19988876590126,"[173, 143, 149, 61, 45, 86, 181, 174, 11, 21, 49, 12, 186, 152, 84, 25, 33, 62, 189, 68, 137, 113, 40, 81, 70, 47, 178, 162, 126, 71, 94, 112, 191, 80, 106, 127, 42, 78, 197, 46, 3, 193, 18, 147, 118, 95, 10, 146, 103, 56, 159, 7, 43, 87, 128, 31, 129, 150, 175, 77, 170, 180, 13, 188, 28, 69, 166, 39, 187, 55, 134, 179, 100, 182, 154, 57, 117, 192, 153, 82, 157, 138, 158, 66, 60, 169, 142, 91, 64, 4, 53, 67, 29, 122, 183, 74, 125, 155, 9, 34, 140, 5, 96, 63, 30, 195, 97, 199, 6, 41, 75, 76, 185, 35, 132, 167, 27, 139, 156, 1, 73, 2, 161, 24, 8, 121, 168, 165, 37, 141, 131, 198, 32, 93, 22, 151, 105, 136, 135, 133, 144, 88, 19, 145, 184, 59, 98, 50, 114, 0, 130, 119, 72, 171, 17, 163, 108, 36, 104, 90, 38, 111, 115, 26, 58, 79, 83, 89, 110, 196, 109, 99, 15, 176, 20, 107, 14, 123, 164, 177, 190, 23, 160, 16, 172, 54, 101, 85, 120, 116, 44, 124, 65, 148, 194, 51, 102, 52, 92, 48, 173]"
CTSP_200C15_5,121.37718762642747,"[17, 121, 150, 167, 100, 166, 50, 104, 73, 42, 69, 23, 178, 175, 32, 149, 11, 176, 153, 33, 28, 106, 151, 197, 7, 91, 66, 68, 5, 8, 169, 145, 63, 110, 71, 35, 57, 154, 136, 86, 44, 105, 85, 165, 20, 137, 117, 118, 129, 109, 84, 39, 45, 199, 119, 120, 37, 103, 164, 79, 127, 107, 97, 193, 60, 65, 61, 161, 1, 31, 111, 78, 99, 56, 198, 6, 130, 128, 67, 124, 170, 185, 186, 141, 25, 192, 144, 30, 14, 163, 55, 87, 196, 95, 183, 126, 94, 62, 140, 157, 81, 115, 156, 132, 51, 102, 26, 158, 195, 190, 49, 77, 182, 122, 72, 47, 70, 13, 27, 24, 142, 29, 162, 179, 184, 135, 188, 38, 76, 89, 180, 75, 123, 48, 52, 139, 113, 174, 101, 90, 194, 189, 53, 168, 43, 16, 187, 46, 40, 0, 18, 146, 34, 2, 108, 88, 9, 64, 143, 155, 19, 134, 131, 41, 3, 98, 54, 58, 138, 83, 10, 133, 191, 4, 22, 125, 12, 147, 112, 92, 114, 36, 152, 172, 171, 148, 159, 80, 181, 74, 15, 160, 21, 59, 173, 177, 96, 116, 82, 93, 17]"
CTSP_200C15_6,120.72249180519358,"[102, 128, 58, 142, 66, 190, 15, 109, 72, 69, 40, 191, 122, 34, 133, 135, 75, 68, 198, 31, 35, 46, 4, 70, 10, 38, 189, 120, 22, 183, 42, 2, 138, 0, 96, 91, 195, 134, 57, 13, 50, 37, 44, 125, 123, 32, 24, 16, 131, 179, 101, 77, 52, 36, 108, 130, 23, 168, 156, 167, 124, 27, 140, 113, 171, 33, 48, 92, 194, 95, 137, 147, 14, 103, 111, 132, 63, 1, 181, 199, 116, 118, 170, 88, 119, 176, 85, 151, 152, 163, 99, 11, 166, 149, 169, 172, 127, 30, 197, 115, 117, 146, 184, 3, 148, 84, 67, 193, 18, 158, 164, 19, 43, 110, 71, 6, 90, 104, 187, 129, 76, 51, 26, 188, 60, 73, 97, 160, 62, 59, 136, 45, 178, 155, 196, 56, 141, 100, 161, 159, 93, 87, 98, 29, 80, 185, 174, 79, 81, 112, 54, 7, 144, 192, 107, 49, 28, 5, 145, 175, 165, 89, 182, 83, 143, 65, 21, 12, 106, 150, 177, 74, 25, 41, 126, 186, 121, 86, 8, 39, 114, 162, 94, 153, 61, 9, 20, 180, 82, 78, 64, 139, 55, 173, 154, 47, 105, 17, 157, 53, 102]"
CTSP_200C15_7,119.57834319905457,"[66, 136, 21, 147, 167, 129, 155, 84, 30, 7, 24, 5, 162, 100, 46, 144, 33, 60, 113, 63, 123, 181, 78, 128, 3, 18, 173, 71, 133, 141, 158, 127, 116, 142, 86, 182, 186, 52, 104, 191, 153, 163, 194, 97, 22, 99, 31, 105, 70, 102, 161, 197, 69, 101, 55, 57, 83, 156, 62, 137, 95, 19, 6, 169, 118, 180, 107, 106, 198, 16, 59, 87, 8, 54, 154, 51, 178, 28, 148, 138, 146, 35, 13, 89, 90, 14, 80, 10, 174, 23, 192, 121, 45, 20, 91, 140, 27, 93, 73, 9, 40, 56, 76, 103, 189, 77, 49, 139, 193, 61, 26, 11, 111, 112, 117, 2, 4, 145, 168, 17, 157, 36, 188, 88, 85, 44, 25, 119, 184, 165, 114, 115, 67, 125, 143, 126, 177, 39, 150, 171, 130, 68, 172, 81, 159, 37, 48, 179, 134, 176, 108, 166, 149, 0, 164, 12, 98, 42, 109, 58, 131, 151, 15, 190, 132, 199, 50, 196, 79, 41, 110, 75, 38, 185, 120, 74, 135, 94, 53, 64, 122, 187, 29, 32, 96, 170, 195, 152, 72, 92, 124, 43, 47, 183, 65, 175, 160, 34, 1, 82, 66]"
CTSP_200C15_8,118.44390020233008,"[187, 65, 71, 137, 139, 27, 170, 196, 76, 180, 91, 134, 103, 130, 93, 114, 171, 10, 57, 97, 175, 26, 150, 160, 140, 122, 5, 166, 138, 12, 126, 15, 158, 169, 178, 185, 161, 34, 89, 192, 43, 1, 104, 154, 20, 58, 136, 40, 148, 153, 9, 198, 133, 64, 42, 199, 11, 188, 0, 13, 50, 17, 33, 80, 3, 16, 37, 82, 157, 168, 184, 111, 21, 117, 110, 52, 28, 88, 182, 99, 162, 113, 73, 48, 70, 8, 74, 149, 19, 112, 81, 67, 7, 179, 194, 47, 145, 95, 36, 84, 6, 59, 63, 75, 22, 72, 29, 109, 123, 141, 31, 119, 165, 60, 4, 142, 92, 131, 155, 18, 39, 121, 186, 118, 151, 62, 32, 164, 146, 190, 41, 56, 83, 23, 116, 94, 51, 2, 107, 87, 102, 100, 35, 167, 144, 24, 25, 78, 135, 189, 14, 55, 193, 115, 124, 69, 129, 98, 77, 49, 159, 128, 68, 30, 156, 44, 173, 54, 96, 46, 90, 45, 85, 66, 38, 191, 176, 86, 106, 174, 105, 143, 177, 183, 127, 181, 101, 79, 197, 120, 163, 152, 61, 172, 195, 132, 125, 147, 108, 53, 187]"
CTSP_200C15_9,122.59653379836946,"[151, 61, 189, 148, 1, 171, 133, 122, 147, 8, 65, 56, 106, 25, 45, 194, 150, 30, 195, 127, 0, 143, 175, 139, 26, 146, 101, 71, 199, 154, 181, 49, 124, 2, 32, 23, 59, 50, 74, 168, 138, 67, 161, 128, 173, 176, 72, 125, 135, 144, 141, 80, 155, 16, 57, 5, 21, 85, 109, 88, 186, 46, 31, 79, 132, 117, 17, 47, 73, 97, 77, 93, 165, 53, 11, 105, 156, 119, 54, 76, 130, 13, 170, 190, 191, 92, 69, 120, 177, 44, 121, 98, 39, 149, 174, 111, 28, 18, 162, 78, 75, 104, 64, 157, 95, 33, 129, 82, 193, 163, 42, 40, 142, 87, 29, 179, 43, 34, 164, 100, 83, 172, 185, 84, 137, 167, 27, 24, 55, 89, 60, 6, 99, 196, 3, 20, 159, 35, 94, 166, 126, 153, 115, 198, 103, 160, 136, 36, 187, 9, 108, 68, 52, 37, 192, 66, 180, 7, 91, 41, 114, 188, 113, 123, 116, 10, 102, 70, 183, 112, 197, 81, 22, 15, 62, 19, 96, 63, 169, 118, 86, 178, 38, 4, 152, 134, 158, 14, 51, 145, 12, 182, 110, 140, 131, 58, 184, 48, 107, 90, 151]"
CTSP_200C25_1,265.29736840868685,"[124, 154, 20, 41, 85, 114, 66, 164, 147, 125, 196, 38, 98, 0, 131, 159, 198, 169, 58, 102, 6, 185, 97, 83, 2, 183, 8, 39, 42, 60, 187, 129, 130, 55, 172, 80, 141, 75, 156, 4, 76, 53, 150, 197, 44, 123, 17, 9, 165, 191, 29, 162, 89, 94, 112, 121, 73, 103, 137, 108, 190, 143, 174, 157, 50, 175, 140, 14, 158, 51, 86, 113, 23, 148, 167, 111, 88, 155, 30, 46, 52, 195, 92, 3, 13, 27, 12, 79, 59, 36, 193, 28, 163, 168, 31, 93, 117, 144, 61, 33, 101, 107, 87, 70, 179, 142, 69, 152, 67, 24, 151, 106, 110, 138, 116, 127, 77, 91, 139, 49, 126, 115, 100, 40, 7, 186, 178, 189, 45, 63, 19, 132, 133, 54, 81, 65, 15, 171, 72, 192, 10, 99, 22, 43, 16, 56, 181, 5, 134, 25, 37, 48, 118, 95, 119, 47, 32, 149, 21, 78, 84, 64, 188, 176, 120, 90, 109, 26, 68, 166, 145, 170, 160, 96, 199, 104, 57, 184, 1, 18, 35, 182, 82, 71, 180, 173, 153, 161, 62, 194, 11, 122, 74, 146, 135, 177, 105, 34, 136, 128, 124]"
CTSP_200C25_10,272.76727693793237,"[26, 109, 95, 37, 193, 47, 141, 18, 114, 106, 88, 74, 136, 85, 139, 31, 115, 116, 186, 127, 137, 194, 33, 24, 90, 174, 45, 151, 44, 56, 167, 29, 162, 183, 134, 168, 150, 36, 104, 0, 156, 93, 16, 124, 20, 58, 182, 149, 34, 65, 189, 132, 112, 53, 101, 71, 28, 43, 129, 123, 13, 120, 80, 1, 163, 67, 3, 165, 175, 98, 86, 63, 197, 185, 192, 46, 181, 125, 157, 70, 176, 11, 153, 158, 94, 38, 66, 159, 14, 146, 107, 21, 178, 99, 96, 39, 19, 84, 83, 79, 198, 25, 117, 82, 100, 42, 22, 170, 81, 50, 172, 61, 77, 119, 59, 195, 138, 113, 60, 180, 78, 140, 10, 32, 30, 105, 51, 122, 164, 62, 57, 148, 152, 128, 75, 35, 102, 40, 171, 73, 108, 160, 103, 144, 173, 8, 87, 41, 72, 27, 54, 17, 15, 64, 179, 187, 7, 4, 110, 23, 48, 135, 69, 188, 76, 121, 5, 89, 154, 92, 126, 184, 68, 166, 145, 177, 147, 9, 142, 130, 2, 161, 155, 169, 91, 131, 143, 196, 133, 6, 111, 190, 55, 118, 52, 97, 191, 49, 12, 199, 26]"
CTSP_200C25_2,270.4166700570817,"[13, 155, 129, 62, 176, 174, 17, 38, 21, 163, 55, 162, 102, 20, 35, 6, 46, 4, 128, 65, 198, 152, 168, 76, 159, 126, 146, 52, 151, 160, 72, 5, 188, 33, 75, 58, 19, 193, 24, 96, 147, 137, 177, 123, 130, 103, 34, 60, 173, 0, 89, 3, 136, 7, 118, 127, 121, 41, 25, 43, 79, 16, 170, 80, 164, 144, 27, 98, 101, 40, 82, 73, 22, 186, 8, 132, 175, 141, 71, 157, 148, 68, 70, 85, 183, 131, 11, 64, 179, 161, 153, 99, 45, 93, 48, 182, 107, 78, 116, 77, 61, 36, 114, 135, 111, 189, 47, 110, 115, 100, 195, 10, 74, 53, 190, 112, 26, 192, 119, 67, 145, 57, 117, 54, 140, 50, 87, 49, 149, 1, 197, 196, 44, 31, 158, 184, 2, 181, 69, 81, 150, 42, 90, 156, 124, 113, 180, 95, 94, 133, 63, 167, 154, 178, 125, 104, 194, 134, 9, 86, 109, 143, 32, 15, 37, 66, 84, 83, 91, 88, 165, 172, 12, 139, 166, 169, 97, 108, 14, 171, 138, 18, 92, 185, 29, 120, 30, 56, 28, 199, 59, 122, 187, 106, 142, 191, 51, 105, 39, 23, 13]"
CTSP_200C25_3,275.7904580165201,"[129, 43, 160, 36, 54, 117, 107, 41, 31, 9, 40, 149, 180, 17, 33, 15, 60, 177, 134, 106, 171, 64, 67, 127, 61, 57, 102, 7, 110, 179, 55, 167, 109, 22, 27, 130, 199, 175, 147, 135, 196, 89, 73, 170, 153, 195, 94, 125, 192, 163, 184, 78, 83, 190, 75, 168, 77, 91, 11, 138, 178, 185, 118, 139, 182, 82, 85, 95, 120, 48, 181, 25, 80, 12, 161, 113, 10, 119, 88, 116, 112, 63, 35, 52, 131, 51, 19, 86, 158, 84, 126, 3, 193, 156, 59, 39, 141, 148, 152, 76, 100, 62, 34, 172, 42, 164, 97, 6, 49, 189, 191, 137, 93, 65, 24, 14, 16, 23, 70, 173, 111, 81, 26, 176, 105, 92, 155, 0, 13, 101, 8, 98, 150, 47, 32, 53, 50, 123, 143, 154, 58, 194, 45, 28, 29, 2, 146, 87, 72, 183, 132, 71, 44, 133, 69, 151, 79, 104, 162, 198, 37, 166, 169, 122, 186, 90, 96, 103, 144, 136, 68, 115, 159, 38, 174, 18, 21, 188, 108, 121, 124, 1, 165, 4, 46, 66, 128, 187, 157, 145, 30, 114, 56, 5, 197, 99, 74, 140, 20, 142, 129]"
CTSP_200C25_4,238.54610446824236,"[60, 116, 191, 38, 52, 124, 79, 99, 9, 103, 23, 7, 31, 64, 186, 45, 6, 94, 68, 73, 72, 143, 75, 37, 10, 188, 35, 20, 158, 139, 30, 118, 102, 194, 155, 90, 48, 181, 120, 77, 80, 15, 117, 190, 100, 125, 156, 88, 113, 51, 87, 137, 170, 1, 106, 196, 162, 164, 145, 57, 149, 70, 42, 40, 21, 47, 199, 169, 185, 130, 41, 92, 122, 12, 43, 192, 50, 123, 171, 173, 138, 86, 54, 121, 110, 197, 157, 17, 97, 76, 136, 32, 105, 134, 189, 29, 104, 61, 166, 114, 0, 81, 3, 128, 112, 78, 178, 19, 91, 140, 67, 129, 182, 84, 107, 175, 62, 160, 161, 24, 195, 150, 4, 127, 179, 131, 44, 148, 25, 187, 13, 151, 27, 141, 144, 167, 177, 95, 165, 135, 109, 11, 39, 142, 133, 172, 46, 33, 98, 55, 132, 146, 56, 154, 108, 74, 198, 58, 153, 89, 69, 83, 63, 28, 16, 184, 93, 5, 14, 96, 66, 183, 36, 53, 65, 49, 22, 18, 168, 119, 59, 159, 115, 193, 34, 163, 152, 85, 147, 2, 71, 174, 82, 8, 176, 126, 101, 26, 180, 111, 60]"
CTSP_200C25_5,274.048573046812,"[46, 106, 72, 150, 144, 178, 98, 69, 78, 179, 100, 154, 184, 163, 104, 143, 188, 43, 112, 149, 125, 196, 5, 113, 57, 142, 53, 34, 101, 180, 110, 173, 162, 39, 119, 158, 19, 169, 129, 189, 13, 32, 24, 164, 141, 118, 42, 60, 22, 59, 29, 7, 67, 61, 134, 49, 181, 115, 105, 75, 120, 147, 192, 20, 81, 35, 95, 137, 51, 167, 117, 161, 30, 172, 102, 45, 94, 56, 148, 93, 31, 21, 199, 139, 121, 156, 68, 6, 74, 73, 33, 64, 176, 62, 50, 191, 114, 132, 10, 193, 91, 127, 116, 190, 159, 183, 174, 79, 145, 37, 38, 66, 175, 186, 80, 88, 133, 47, 3, 41, 27, 97, 170, 76, 124, 28, 166, 135, 85, 65, 197, 18, 187, 84, 82, 160, 71, 83, 16, 9, 8, 130, 146, 77, 109, 131, 48, 63, 99, 138, 198, 151, 140, 92, 111, 36, 0, 23, 52, 89, 153, 165, 136, 126, 44, 1, 108, 25, 17, 2, 157, 11, 168, 195, 14, 54, 155, 70, 12, 96, 185, 194, 152, 123, 26, 4, 55, 86, 58, 171, 90, 87, 182, 103, 128, 177, 107, 15, 122, 40, 46]"
CTSP_200C25_6,277.6565628414933,"[20, 174, 50, 97, 100, 133, 77, 53, 130, 128, 69, 121, 154, 181, 7, 48, 103, 33, 30, 109, 119, 39, 136, 64, 93, 62, 59, 57, 91, 67, 158, 27, 127, 78, 15, 70, 23, 118, 55, 40, 194, 150, 49, 186, 61, 21, 176, 145, 149, 12, 73, 122, 189, 17, 34, 60, 45, 159, 22, 190, 95, 168, 56, 185, 1, 72, 86, 131, 172, 135, 37, 104, 188, 151, 173, 54, 83, 184, 140, 116, 120, 106, 170, 9, 90, 110, 166, 105, 25, 132, 148, 161, 43, 155, 157, 6, 68, 138, 92, 102, 175, 84, 94, 123, 89, 41, 26, 44, 82, 2, 52, 101, 36, 178, 192, 5, 58, 162, 4, 81, 76, 137, 156, 126, 3, 87, 129, 18, 74, 11, 85, 65, 32, 107, 98, 197, 153, 75, 13, 10, 143, 79, 144, 114, 139, 115, 16, 141, 164, 199, 19, 71, 80, 160, 163, 171, 196, 187, 8, 14, 124, 177, 146, 51, 47, 167, 31, 165, 24, 147, 35, 38, 180, 198, 142, 42, 88, 179, 195, 152, 66, 191, 112, 125, 182, 108, 169, 29, 0, 46, 183, 134, 193, 99, 63, 111, 117, 113, 28, 96, 20]"
CTSP_200C25_7,274.7511906884935,"[155, 67, 45, 199, 22, 15, 114, 103, 115, 123, 19, 126, 182, 56, 94, 88, 122, 132, 139, 35, 87, 143, 160, 1, 26, 146, 151, 72, 16, 109, 34, 111, 10, 101, 77, 32, 17, 165, 130, 190, 52, 113, 117, 4, 76, 47, 59, 8, 65, 142, 54, 179, 79, 55, 198, 105, 30, 186, 134, 90, 170, 86, 192, 60, 171, 127, 154, 40, 3, 148, 39, 24, 62, 121, 163, 174, 31, 102, 69, 129, 140, 152, 106, 89, 177, 184, 147, 95, 136, 195, 135, 107, 180, 61, 33, 169, 75, 175, 5, 193, 110, 42, 197, 173, 85, 57, 144, 93, 167, 96, 138, 133, 43, 92, 187, 38, 108, 97, 7, 191, 145, 64, 162, 28, 137, 63, 157, 159, 84, 176, 66, 178, 196, 36, 11, 14, 83, 25, 166, 6, 128, 125, 158, 156, 71, 46, 185, 21, 81, 100, 150, 53, 78, 41, 120, 49, 82, 183, 58, 13, 44, 161, 9, 27, 172, 189, 73, 0, 124, 37, 70, 119, 141, 2, 118, 168, 149, 194, 23, 104, 18, 48, 29, 164, 12, 116, 131, 20, 188, 112, 153, 68, 50, 74, 80, 98, 91, 181, 51, 99, 155]"
CTSP_200C25_8,276.68385527602396,"[77, 105, 54, 102, 50, 196, 159, 161, 143, 12, 158, 134, 38, 89, 172, 171, 191, 78, 130, 198, 15, 119, 126, 157, 146, 60, 46, 43, 99, 67, 110, 163, 180, 81, 42, 122, 95, 96, 169, 187, 88, 154, 175, 20, 190, 136, 85, 118, 79, 25, 160, 40, 86, 137, 195, 72, 33, 82, 132, 123, 140, 19, 98, 92, 1, 179, 117, 101, 87, 61, 151, 107, 10, 185, 155, 192, 69, 193, 49, 4, 174, 181, 103, 144, 133, 186, 111, 71, 52, 182, 8, 39, 121, 106, 27, 16, 100, 128, 34, 164, 32, 37, 145, 11, 170, 178, 149, 125, 94, 115, 53, 18, 59, 189, 197, 13, 90, 138, 24, 153, 26, 74, 135, 36, 184, 31, 97, 165, 55, 75, 113, 58, 5, 183, 30, 28, 9, 7, 162, 188, 109, 129, 44, 6, 194, 84, 112, 62, 73, 156, 141, 150, 139, 57, 148, 166, 17, 152, 199, 64, 177, 23, 29, 120, 114, 91, 104, 108, 127, 76, 83, 21, 65, 47, 22, 48, 3, 167, 173, 131, 168, 51, 93, 41, 35, 80, 70, 14, 63, 66, 147, 116, 124, 56, 45, 68, 142, 176, 0, 2, 77]"
CTSP_200C25_9,267.91523713892576,"[54, 132, 49, 3, 192, 161, 81, 92, 58, 178, 195, 190, 30, 162, 112, 114, 113, 124, 15, 127, 103, 65, 91, 96, 129, 155, 119, 189, 111, 32, 37, 130, 85, 176, 40, 45, 163, 4, 33, 100, 147, 29, 185, 70, 179, 11, 108, 120, 53, 57, 156, 102, 97, 125, 59, 39, 42, 168, 63, 142, 141, 109, 75, 123, 18, 14, 182, 98, 165, 95, 149, 94, 79, 38, 52, 160, 56, 186, 82, 34, 36, 19, 122, 183, 146, 134, 172, 5, 21, 197, 145, 153, 158, 116, 10, 180, 99, 194, 137, 131, 66, 20, 187, 135, 55, 166, 188, 8, 51, 80, 83, 133, 164, 13, 41, 71, 107, 16, 35, 110, 105, 23, 175, 152, 28, 74, 89, 84, 62, 0, 148, 48, 72, 12, 115, 171, 140, 157, 177, 60, 73, 27, 22, 68, 154, 136, 169, 17, 88, 181, 50, 138, 9, 69, 184, 174, 143, 90, 24, 167, 25, 76, 26, 199, 46, 87, 78, 121, 7, 191, 173, 128, 44, 101, 47, 159, 193, 139, 144, 43, 31, 151, 1, 170, 64, 118, 2, 196, 86, 6, 61, 67, 77, 93, 106, 150, 104, 126, 198, 117, 54]"
CTSP_50C4_1,14.354039207511402,"[41, 39, 19, 6, 2, 9, 30, 12, 14, 40, 1, 20, 21, 18, 43, 44, 35, 13, 33, 22, 3, 16, 42, 36, 34, 49, 17, 32, 15, 37, 48, 47, 4, 5, 7, 10, 28, 23, 46, 26, 27, 29, 31, 45, 25, 24, 8, 38, 0, 11, 41]"
CTSP_50C4_10,14.348713288107437,"[43, 26, 49, 5, 13, 44, 18, 33, 41, 22, 0, 34, 12, 2, 19, 48, 37, 42, 29, 27, 31, 3, 45, 17, 6, 25, 39, 4, 10, 15, 11, 46, 32, 7, 36, 40, 16, 30, 23, 8, 35, 24, 28, 21, 14, 1, 9, 38, 20, 47, 43]"
CTSP_50C4_2,14.406990630175832,"[19, 10, 44, 43, 38, 32, 18, 23, 40, 46, 12, 22, 26, 34, 15, 48, 21, 41, 24, 29, 1, 4, 20, 5, 45, 49, 47, 35, 39, 31, 9, 11, 8, 37, 6, 3, 17, 14, 27, 36, 16, 25, 7, 2, 0, 33, 13, 42, 28, 30, 19]"
CTSP_50C4_3,13.52630924116968,"[12, 4, 47, 5, 27, 26, 25, 42, 33, 16, 15, 10, 7, 29, 37, 22, 8, 45, 35, 13, 19, 28, 2, 48, 0, 40, 1, 38, 30, 36, 32, 34, 18, 24, 49, 23, 41, 43, 11, 21, 17, 9, 44, 6, 14, 31, 46, 39, 20, 3, 12]"
CTSP_50C4_4,12.395330138155751,"[26, 9, 45, 31, 11, 0, 47, 30, 43, 15, 41, 48, 39, 20, 16, 33, 24, 40, 37, 6, 10, 19, 13, 22, 42, 5, 12, 8, 14, 46, 49, 25, 44, 3, 17, 2, 7, 27, 36, 18, 34, 35, 4, 1, 32, 38, 21, 29, 23, 28, 26]"
CTSP_50C4_5,14.213699011086472,"[7, 16, 11, 18, 8, 33, 34, 31, 26, 44, 27, 5, 20, 48, 10, 0, 40, 38, 22, 1, 12, 29, 46, 15, 41, 17, 14, 30, 42, 9, 28, 2, 47, 24, 23, 13, 19, 32, 43, 25, 6, 49, 39, 35, 37, 21, 4, 3, 45, 36, 7]"
CTSP_50C4_6,14.337310690664847,"[34, 35, 40, 36, 4, 23, 21, 37, 33, 3, 49, 46, 5, 17, 47, 25, 20, 48, 2, 30, 42, 9, 45, 7, 43, 31, 44, 13, 15, 38, 14, 8, 11, 32, 28, 22, 0, 29, 19, 1, 26, 18, 41, 27, 16, 6, 10, 39, 24, 12, 34]"
CTSP_50C4_7,14.36559005658655,"[36, 26, 10, 43, 25, 3, 13, 32, 6, 9, 23, 30, 19, 16, 7, 22, 31, 11, 42, 48, 49, 39, 45, 20, 14, 18, 34, 1, 27, 33, 29, 2, 37, 41, 8, 47, 0, 40, 4, 21, 35, 24, 12, 17, 44, 38, 15, 5, 46, 28, 36]"
CTSP_50C4_8,13.94225085298351,"[47, 42, 35, 19, 9, 43, 36, 6, 22, 2, 44, 15, 10, 16, 28, 32, 34, 39, 23, 46, 26, 49, 8, 27, 20, 3, 45, 0, 21, 17, 18, 25, 38, 1, 48, 11, 4, 5, 37, 13, 41, 12, 29, 30, 40, 24, 31, 14, 33, 7, 47]"
CTSP_50C4_9,14.041848577098817,"[8, 11, 0, 17, 18, 27, 9, 28, 3, 45, 42, 48, 4, 10, 12, 32, 16, 6, 29, 43, 34, 20, 19, 2, 7, 21, 22, 35, 36, 37, 30, 14, 25, 26, 44, 23, 46, 40, 47, 13, 41, 38, 15, 39, 31, 1, 5, 33, 24, 49, 8]"
